Player,Pos,To,AP1,PB,St,wAV,G,Cmp,Att,Yds,TD,Int,Att,Yds,TD,Rec,Yds,TD,Solo,Int,Sk,-9999
Keith Adams,LB,2007,0,0,1,14,85,0,0,0,0,0,0,0,0,0,0,0,147,,,AdamKe20
Hakim Akbar,LB,2002,0,0,0,1,10,0,0,0,0,0,0,0,0,0,0,0,2,,,AkbaHa20
Dan Alexander,RB,2003,0,0,0,0,11,0,0,0,0,0,0,0,0,0,0,0,3,,,AlexDa21
Brian Allen,LB,2004,0,0,0,8,47,0,0,0,0,0,0,0,0,0,0,0,74,1,1.0,AlleBr21
Will Allen,DB,2011,0,0,8,41,140,0,0,0,0,0,0,0,0,0,0,0,460,15,5.0,AlleWi20
Bennie Anderson,G,2006,0,0,5,27,81,0,0,0,0,0,0,0,0,0,0,0,,,,AndeBe20
Scotty Anderson,WR,2003,0,0,0,8,34,0,0,0,0,0,0,0,0,54,858,4,,,,AndeSc00
Troy Andrew,C,2001,0,0,0,1,8,0,0,0,0,0,0,0,0,0,0,0,,,,AndrTr20
Adam Archuleta,DB,2007,0,0,7,31,103,0,0,0,0,0,0,0,0,0,0,0,453,4,18.0,ArchAd20
Jake Arians,K,2001,0,0,0,0,10,0,0,0,0,0,0,0,0,0,0,0,,,,arianjak01
Reggie Austin,DB,2002,0,0,0,3,18,0,0,0,0,0,0,0,0,0,0,0,18,2,,AustRe20
Kole Ayi,LB,2002,0,0,0,1,13,0,0,0,0,0,0,0,0,0,0,0,11,,,AyixKo20
Bill Baber,TE,2004,0,0,0,0,30,0,0,0,0,0,0,0,0,4,37,1,,,,BabeBi00
Jeff Backus,T,2012,0,0,12,61,191,0,0,0,0,0,0,0,0,0,0,0,,,,BackJe20
Rodney Bailey,DE,2007,0,0,0,7,84,0,0,0,0,0,0,0,0,0,0,0,65,,9.5,BailRo21
Jason Baker,P,2011,0,0,0,16,167,0,0,0,0,0,2,0,0,0,0,0,20,,,BakeJa20
Tim Baker,WR,2001,0,0,0,0,3,0,0,0,0,0,0,0,0,0,0,0,1,,,BakeTi20
Alex Bannister,WR,2006,0,1,0,1,59,0,0,0,0,0,0,0,0,9,121,1,45,,,BannAl00
Kevan Barlow,RB,2006,0,0,2,36,84,0,0,0,0,0,1022,3984,30,144,1164,3,,,,BarlKe00
Idrees Bashir,DB,2007,0,0,4,19,71,0,0,0,0,0,0,0,0,0,0,0,181,6,,BashId20
Pat Batteaux,WR,2001,0,0,0,0,5,0,0,0,0,0,0,0,0,3,25,0,,,,BattPa00
Gary Baxter,DB,2006,0,0,3,20,62,0,0,0,0,0,0,0,0,0,0,0,252,8,3.0,BaxtGa20
Monty Beisel,LB,2009,0,0,0,13,119,0,0,0,0,0,0,0,0,0,0,0,200,2,4.5,BeisMo20
Jason Bell,DB,2006,0,0,0,5,82,0,0,0,0,0,0,0,0,0,0,0,73,1,,BellJa21
Kendrell Bell,LB,2007,0,1,5,40,90,0,0,0,0,0,0,0,0,0,0,0,274,1,20.5,BellKe20
Marcus Bell,DT,2006,0,0,2,14,86,0,0,0,0,0,0,0,0,0,0,0,131,,6.5,BellMa20
Ryan Benjamin,C,2003,0,0,0,3,27,0,0,0,0,0,0,0,0,0,0,0,,,,BenjRy21
Drew Bennett,WR,2008,0,0,4,36,102,2,3,40,1,0,2,15,0,307,4412,28,3,,,BennDr00
Michael Bennett,RB,2010,0,1,3,34,107,0,0,0,0,0,842,3703,13,159,1294,6,11,,,BennMi00
Eddie Berlin,WR,2005,0,0,0,3,62,0,0,0,0,0,0,0,0,26,379,2,27,,,BerlEd00
Cory Bird,DB,2004,0,0,0,6,45,0,0,0,0,0,0,0,0,0,0,0,90,,0.5,BirdCo20
Harold Blackmon,DB,2002,0,0,0,1,9,0,0,0,0,0,0,0,0,0,0,0,1,,,BlacHa20
Chris Bober,C,2006,0,0,2,18,91,0,0,0,0,0,0,0,0,0,0,0,,,,BobeCh20
Alfonso Boone,DT,2010,0,0,1,23,129,0,0,0,0,0,0,0,0,0,0,0,154,,15.5,BoonAl20
Jarvis Borum,T,2001,0,0,0,1,1,0,0,0,0,0,0,0,0,0,0,0,,,,BoruJa20
Todd Bouman,QB,2010,0,0,0,6,44,147,264,1905,13,13,23,94,0,0,0,0,,,,BoumTo00
Andy Bowers,DE,2001,0,0,0,0,1,0,0,0,0,0,0,0,0,0,0,0,,,,BoweAn20
R.J. Bowers,RB,2003,0,0,0,1,8,0,0,0,0,0,18,84,1,2,2,1,3,,,BoweRJ00
James Boyd,DB,2002,0,0,0,2,26,0,0,0,0,0,0,0,0,0,0,0,11,,,BoydJa20
David Brandt,C-G,2004,0,0,0,1,16,0,0,0,0,0,0,0,0,0,0,0,,,,BranDa22
Drew Brees,QB,2020,1,13,19,167,287,7142,10551,80358,571,243,498,752,25,8,74,1,,,,BreeDr00
Jason Brookins,RB,2001,0,0,0,4,12,0,0,0,0,0,151,551,5,6,45,0,,,,BrooJa01
Jamal Brooks,LB,2006,0,0,0,2,23,0,0,0,0,0,0,0,0,0,0,0,21,,,BrooJa20
Rodregis Brooks,DB,2001,0,0,0,0,5,0,0,0,0,0,0,0,0,0,0,0,3,,,BrooRo20
Delvin Brown,DB,2001,0,0,0,0,5,0,0,0,0,0,0,0,0,0,0,0,2,,,BrowDe22
Joe Brown,DT,2001,0,0,0,0,2,0,0,0,0,0,0,0,0,0,0,0,,,,BrowJo20
Correll Buckhalter,RB,2010,0,0,0,27,103,0,0,0,0,0,655,2944,21,144,1410,6,9,,,BuckCo00
Derrick Burgess,DE-LB,2010,0,2,4,40,102,0,0,0,0,0,0,0,0,0,0,0,215,,52.0,BurgDe99
Jerametrius Butler,DB,2007,0,0,2,17,70,0,0,0,0,0,0,0,0,0,0,0,186,9,,ButlJe20
Robert Carswell,DB,2002,0,0,0,1,18,0,0,0,0,0,0,0,0,0,0,0,14,,,CarsRo20
Andre Carter,DE-LB,2013,0,1,10,59,184,0,0,0,0,0,0,0,0,0,0,0,388,,80.5,CartAn20
Dyshod Carter,DB,2005,0,0,0,1,19,0,0,0,0,0,0,0,0,0,0,0,18,,,CartDy20
Jonathan Carter,WR,2004,0,0,0,4,25,0,0,0,0,0,0,0,0,14,266,2,,,,CartJo01
Quincy Carter,QB,2004,0,0,2,16,38,542,960,6337,32,37,152,518,3,0,0,0,,,,CartQu00
Tim Carter,DB,2001,0,0,0,0,2,0,0,0,0,0,0,0,0,0,0,0,1,,,CartTi20
Aveion Cason,RB,2008,0,0,0,7,56,1,1,37,0,0,126,562,3,64,655,2,4,,,CasoAv00
Quinton Caver,LB,2005,0,0,0,5,53,0,0,0,0,0,0,0,0,0,0,0,56,,,CaveQu20
Marq Cerqua,LB,2002,0,0,0,0,5,0,0,0,0,0,0,0,0,0,0,0,,,,CerqMa20
Chris Chambers,WR,2010,0,1,8,58,153,0,0,0,0,0,44,373,0,540,7648,58,2,,,ChamCh00
Doug Chapman,RB,2003,0,0,0,3,26,0,0,0,0,0,90,317,0,17,143,1,,,,ChapDo00
Randy Chevrier,DT,2001,0,0,0,0,13,0,0,0,0,0,0,0,0,0,0,0,1,,,ChevRa20
Patrick Chukwurah,LB,2007,0,0,0,6,78,0,0,0,0,0,0,0,0,0,0,0,62,,9.0,ChukPa20
Darius Clark,DB,2001,0,0,0,0,7,0,0,0,0,0,0,0,0,0,0,0,2,,,ClarDa22
Felipe Claybrooks,DE,2003,0,0,0,1,11,0,0,0,0,0,0,0,0,0,0,0,3,,,ClayFe20
Carey Clayton,C,2001,0,0,0,0,1,0,0,0,0,0,0,0,0,0,0,0,,,,ClayCa20
Nate Clements,DB,2012,0,1,11,61,180,0,0,0,0,0,0,0,0,0,0,0,669,36,4.5,ClemNa99
Tay Cody,DB,2003,0,0,1,4,19,0,0,0,0,0,0,0,0,0,0,0,65,2,,CodyTa20
Fred Coleman,WR,2002,0,0,0,1,9,0,0,0,0,0,0,0,0,2,50,0,2,,,ColeFr00
Jameel Cook,FB,2008,0,0,2,4,109,0,0,0,0,0,14,43,0,84,510,3,35,,,CookJa00
Chris Cooper,DT-DE,2007,0,0,1,12,78,0,0,0,0,0,0,0,0,0,0,0,103,1,8.5,CoopCh20
Jarrod Cooper,DB,2007,0,0,1,7,87,0,0,0,0,0,0,0,0,0,0,0,114,,1.5,CoopJa20
Dave Costa,T,2001,0,0,0,1,14,0,0,0,0,0,0,0,0,0,0,0,,,,CostDa20
Delbert Cowsette,DT,2002,0,0,0,3,32,0,0,0,0,0,0,0,0,0,0,0,19,,2.0,CowsDe20
Renard Cox,DB,2001,0,0,0,0,5,0,0,0,0,0,0,0,0,0,0,0,,,,CoxxRe20
Phillip Crosby,FB,2003,0,0,0,0,35,0,0,0,0,0,0,0,0,6,49,0,15,,,CrosPh00
Alge Crumpler,TE,2010,0,4,10,41,155,0,0,0,0,0,0,0,0,373,4743,39,2,,,CrumAl00
Darrel Crutchfield,DB,2001,0,0,0,0,4,0,0,0,0,0,0,0,0,0,0,0,1,,,CrutDa20
DeMarcus Curry,T,2001,0,0,0,0,3,0,0,0,0,0,0,0,0,0,0,0,,,,CurrDe20
Donte Curry,LB,2008,0,0,1,11,98,0,0,0,0,0,0,0,0,0,0,0,144,,3.0,CurrDo21
Chartric Darby,DT,2009,0,0,4,33,114,0,0,0,0,0,0,0,0,0,0,0,155,,13.5,DarbCh20
Joe Davenport,TE,2003,0,0,0,1,29,0,0,0,0,0,0,0,0,11,93,0,,,,DaveJo00
Leonard Davis,T-G,2012,0,3,10,66,171,0,0,0,0,0,0,0,0,0,0,0,,,,DaviLe21
Jerry DeLoach,DE,2005,0,0,2,19,73,0,0,0,0,0,0,0,0,0,0,0,97,,3.0,DeLoJe20
Rick DeMulling,G,2007,0,0,3,31,81,0,0,0,0,0,0,0,0,0,0,0,,,,DeMuRi20
Anthony Denman,LB,2002,0,0,0,2,27,0,0,0,0,0,0,0,0,0,0,0,19,,,DenmAn20
Ryan Diem,T-G,2011,0,0,10,72,157,0,0,0,0,0,0,0,0,0,0,0,3,,,DiemRy20
Tony Dixon,DB,2004,0,0,0,9,56,0,0,0,0,0,0,0,0,0,0,0,107,1,6.0,DixoTo20
Jason Doering,DB,2004,0,0,0,6,53,0,0,0,0,0,0,0,0,0,0,0,78,,,DoerJa20
Matt Dominguez,TE,2001,0,0,0,0,12,0,0,0,0,0,0,0,0,3,26,0,1,,,DomiMa00
Char-ron Dorsey,T,2002,0,0,0,1,12,0,0,0,0,0,0,0,0,0,0,0,,,,DorsCh20
Eric Downing,DT,2004,0,0,1,7,45,0,0,0,0,0,0,0,0,0,0,0,36,,2.0,DownEr20
Tony Driver,DB,2002,0,0,0,0,11,0,0,0,0,0,0,0,0,0,0,0,4,,,DrivTo20
Reuben Droughns,RB,2008,0,0,3,27,114,0,0,0,0,0,929,3602,19,123,989,6,41,,,DrouRe00
Andre Dyson,DB,2007,0,0,5,31,96,0,0,0,0,0,0,0,0,0,0,0,282,22,1.0,DysoAn20
Ron Edwards,DT,2012,0,0,6,37,139,0,0,0,0,0,0,0,0,0,0,0,146,,16.5,EdwaRo20
Shane Elam,LB,2001,0,0,0,0,4,0,0,0,0,0,0,0,0,0,0,0,1,,,ElamSh20
Demetric Evans,DE,2010,0,0,2,22,126,0,0,0,0,0,0,0,0,0,0,0,125,,14.5,EvanDe20
Heath Evans,FB,2010,0,0,0,8,143,0,0,0,0,0,164,579,4,57,439,4,23,,,EvanHe00
Carl Fair,RB,2001,0,0,0,0,3,0,0,0,0,0,0,0,0,0,0,0,1,,,FairCa20
Kris Farris,T,2001,0,0,0,1,3,0,0,0,0,0,0,0,0,0,0,0,,,,FarrKr20
Mario Fatafehi,DT,2004,0,0,2,13,45,0,0,0,0,0,0,0,0,0,0,0,43,,5.0,FataMa20
A.J. Feeley,QB,2011,0,0,1,7,28,425,762,4618,28,31,37,49,1,0,0,0,,,,FeelA.00
Jay Feely,K,2014,0,0,0,31,211,0,0,0,0,0,2,5,1,2,-4,0,37,,,feelyjay01
James Fenderson,RB,2003,0,0,0,1,29,0,0,0,0,0,17,79,1,7,43,0,11,,,FendJa00
Robert Ferguson,WR,2008,0,0,3,18,83,0,0,0,0,0,1,-8,0,151,1993,13,31,,,FergRo00
Frank Ferrara,DE,2003,0,0,0,4,27,0,0,0,0,0,0,0,0,0,0,0,40,,3.5,FerrFr20
Bryce Fisher,DE,2007,0,0,3,26,91,0,0,0,0,0,0,0,0,0,0,0,174,,26.5,FishBr20
Ronald Flemons,DE,2004,0,0,0,0,6,0,0,0,0,0,0,0,0,0,0,0,1,,0.5,FlemRo20
Jamar Fletcher,DB,2008,0,0,0,9,105,0,0,0,0,0,0,0,0,0,0,0,170,7,1.0,FletJa20
Kynan Forney,G,2009,0,0,5,37,98,0,0,0,0,0,0,0,0,0,0,0,1,,,FornKy20
Hank Fraley,C-G,2010,0,0,8,48,142,0,0,0,0,0,0,0,0,0,0,0,,,,FralHa20
Byron Frisch,DE,2002,0,0,0,2,23,0,0,0,0,0,0,0,0,0,0,0,18,,5.0,FrisBy20
Curtis Fuller,DB,2004,0,0,0,3,42,0,0,0,0,0,0,0,0,0,0,0,41,1,,FullCu20
Rod Gardner,WR,2006,0,0,4,25,91,2,7,46,2,0,5,24,0,242,3165,23,5,,,GardRo00
Kelvin Garmon,G,2004,0,0,3,19,52,0,0,0,0,0,0,0,0,0,0,0,,,,GarmKe20
Winfield Garnett,DT,2001,0,0,0,2,12,0,0,0,0,0,0,0,0,0,0,0,12,,2.0,GarnWi20
Willie Gary,DB,2001,0,0,0,0,7,0,0,0,0,0,0,0,0,0,0,0,6,,,GaryWi20
Roberto Garza,G-C,2014,0,0,11,61,206,0,0,0,0,0,0,0,0,0,0,0,,,,GarzRo20
Ben Gay,RB,2001,0,0,0,1,16,0,0,0,0,0,51,172,1,4,11,0,3,,,GayxBe00
Reggie Germany,WR,2001,0,0,0,2,16,0,0,0,0,0,0,0,0,12,203,0,4,,,GermRe00
Derrick Gibson,DB,2006,0,0,2,13,69,0,0,0,0,0,0,0,0,0,0,0,161,3,2.0,GibsDe21
Jason Glenn,LB,2006,0,0,0,6,80,0,0,0,0,0,0,0,0,0,0,0,92,,,GlenJa20
Nick Goings,RB,2008,0,0,1,17,105,0,0,0,0,0,400,1470,6,110,880,3,39,,,GoinNi00
Shayne Graham,K,2015,0,1,0,30,178,0,0,0,0,0,0,0,0,0,0,0,23,,,grahasha01
Bill Gramatica,K,2004,0,0,0,7,34,0,0,0,0,0,0,0,0,0,0,0,2,,,gramabil01
DeLawrence Grant,DE-LB,2005,0,0,2,12,49,0,0,0,0,0,0,0,0,0,0,0,45,,7.0,GranDe20
Deon Grant,DB,2011,0,0,10,56,176,0,0,0,0,0,0,0,0,0,0,0,624,30,6.5,GranDe21
Donny Green,LB,2001,0,0,0,0,2,0,0,0,0,0,0,0,0,0,0,0,2,,,GreeDo21
Morlon Greenwood,LB,2008,0,0,8,39,125,0,0,0,0,0,0,0,0,0,0,0,471,2,7.0,GreeMo20
Damian Gregory,DT,2004,0,0,0,1,9,0,0,0,0,0,0,0,0,0,0,0,5,,,GregDa20
Shane Grice,G,2001,0,0,0,0,1,0,0,0,0,0,0,0,0,0,0,0,,,,GricSh20
Corey Hall,DB,2001,0,0,0,0,3,0,0,0,0,0,0,0,0,0,0,0,,,,HallCo20
Casey Hampton,NT-DT,2012,0,5,11,73,173,0,0,0,0,0,0,0,0,0,0,0,231,,9.0,HampCa00
Jermaine Hampton,DB,2001,0,0,0,0,10,0,0,0,0,0,0,0,0,0,0,0,7,,,HampJe20
William Hampton,DB,2004,0,0,0,2,22,0,0,0,0,0,0,0,0,0,0,0,15,1,,HampWi20
Nick Harper,DB,2009,0,0,7,34,127,0,0,0,0,0,0,0,0,0,0,0,528,21,,HarpNi20
Nick Harris,P,2012,0,0,0,18,183,0,1,0,0,0,2,-7,0,0,0,0,12,,,HarrNi20
Lawrence Hart,TE,2001,0,0,0,0,1,0,0,0,0,0,0,0,0,0,0,0,,,,HartLa20
Shaunard Harts,DB,2004,0,0,1,8,51,0,0,0,0,0,0,0,0,0,0,0,146,2,2.0,HartSh20
Ed Hartwell,LB,2006,0,0,3,28,77,0,0,0,0,0,0,0,0,0,0,0,280,1,7.0,HartEd20
Reggie Hayward,DE,2009,0,0,3,32,92,0,0,0,0,0,0,0,0,0,0,0,144,1,39.5,HaywRe20
Jeff Hazuga,DE,2001,0,0,0,0,3,0,0,0,0,0,0,0,0,0,0,0,1,,,HazuJe20
Todd Heap,TE,2012,0,2,8,43,145,0,1,0,0,0,8,61,0,499,5869,42,1,,,HeapTo00
Jamie Henderson,DB,2003,0,0,0,3,32,0,0,0,0,0,0,0,0,0,0,0,41,1,,HendJa20
Anthony Henry,DB,2009,0,0,5,38,132,0,0,0,0,0,0,0,0,0,0,0,429,31,2.0,HenrAn20
Travis Henry,RB,2007,0,1,4,41,90,0,1,0,0,1,1488,6086,38,141,951,2,1,,,HenrTr00
Steve Herndon,G,2004,0,0,1,9,37,0,0,0,0,0,0,0,0,0,0,0,,,,HernSt20
Anthony Herron,DE,2001,0,0,0,0,1,0,0,0,0,0,0,0,0,0,0,0,,,,HerrAn21
Jon Hilbert,K,2002,0,0,0,0,9,0,0,0,0,0,0,0,0,0,0,0,,,,hilbejon01
Renaldo Hill,DB,2010,0,0,8,36,141,0,0,0,0,0,0,0,0,0,0,0,497,19,6.5,HillRe20
Sedrick Hodge,LB,2005,0,0,3,17,63,0,0,0,0,0,0,0,0,0,0,0,164,,1.0,HodgSe20
Curtis Holden,LB,2001,0,0,0,1,12,0,0,0,0,0,0,0,0,0,0,0,7,,,HoldCu20
Rashad Holman,DB,2003,0,0,0,4,46,0,0,0,0,0,0,0,0,0,0,0,89,2,,HolmRa20
T.J. Houshmandzadeh,WR,2011,0,1,6,56,146,0,0,0,0,0,23,142,1,627,7237,44,1,,,HousTJ00
Bobbie Howard,LB,2003,0,0,1,6,35,0,0,0,0,0,0,0,0,0,0,0,60,1,0.5,HowaBo21
Willie Howard,DE,2001,0,0,0,1,8,0,0,0,0,0,0,0,0,0,0,0,10,,,HowaWi20
John Howell,DB,2006,0,0,0,7,64,0,0,0,0,0,0,0,0,0,0,0,93,,,HoweJo21
Orlando Huff,LB,2006,0,0,3,22,87,0,0,0,0,0,0,0,0,0,0,0,222,2,3.0,HuffOr20
Johnny Huggins,TE,2001,0,0,0,0,10,0,0,0,0,0,0,0,0,8,36,0,,,,HuggJo00
Corey Hulsey,G-T,2006,0,0,1,7,40,0,0,0,0,0,0,0,0,0,0,0,,,,HulsCo20
Steve Hutchinson,G,2012,5,7,11,94,169,0,0,0,0,0,0,0,0,0,0,0,,,,HutcSt00
Trevor Insley,WR,2001,0,0,0,2,11,0,0,0,0,0,0,0,0,14,165,1,,,,InslTr00
Junior Ioane,DT,2005,0,0,0,4,36,0,0,0,0,0,0,0,0,0,0,0,33,,1.5,IoanJu20
Corey Ivy,DB,2009,0,0,1,13,113,0,0,0,0,0,0,0,0,0,0,0,256,3,9.5,IvyxCo20
Chidi Iwuoma,DB,2007,0,0,0,5,77,0,0,0,0,0,0,0,0,0,0,0,69,,,IwuoCh20
Arnold Jackson,WR,2002,0,0,0,0,32,0,0,0,0,0,0,0,0,14,86,1,,,,JackAr00
James Jackson,RB,2005,0,0,1,9,52,0,0,0,0,0,325,1082,5,32,232,0,4,,,JackJa00
Jonathan Jackson,LB,2001,0,0,0,0,1,0,0,0,0,0,0,0,0,0,0,0,,,,JackJo25
Kris Jenkins,DT,2010,2,4,6,68,108,0,0,0,0,0,0,0,0,0,0,0,220,,24.0,JenkKr00
Jonas Jennings,T,2008,0,0,5,29,75,0,0,0,0,0,0,0,0,0,0,0,,,,JennJo20
Ligarius Jennings,DB,2002,0,0,0,1,18,0,0,0,0,0,0,0,0,0,0,0,18,,,JennLi20
Chad Johnson,WR,2011,2,6,9,85,166,0,1,0,0,0,24,175,0,766,11059,67,,,,JohnCh01
Eric Johnson,TE,2007,0,0,5,19,71,0,0,0,0,0,0,0,0,240,2178,9,,,,JohnEr00
Jerry Johnson,DT,2001,0,0,0,1,9,0,0,0,0,0,0,0,0,0,0,0,10,,,JohnJe21
Riall Johnson,LB,2003,0,0,0,2,32,0,0,0,0,0,0,0,0,0,0,0,18,,,JohnRi20
Rudi Johnson,RB,2008,0,1,5,46,95,0,0,0,0,0,1517,5979,49,113,676,2,,,,JohnRu00
Tim Johnson,LB,2006,0,0,0,4,55,0,0,0,0,0,0,0,0,0,0,0,83,1,0.5,JohnTi21
Dhani Jones,LB,2010,0,0,9,54,157,0,0,0,0,0,0,0,0,0,0,0,632,5,9.5,JoneDh20
Kenyatta Jones,T,2004,0,0,1,7,21,0,0,0,0,0,0,0,0,0,0,0,,,,JoneKe22
Willie Jones,T,2002,0,0,0,2,18,0,0,0,0,0,0,0,0,0,0,0,,,,JoneWi22
LaMont Jordan,RB,2009,0,0,2,30,114,0,2,0,0,1,897,3734,28,158,1301,3,2,,,JordLa00
Leander Jordan,T-G,2005,0,0,1,9,37,0,0,0,0,0,0,0,0,0,0,0,,,,JordLe20
Elvis Joseph,RB,2002,0,0,0,5,29,0,0,0,0,0,68,294,0,18,183,2,7,,,JoseEl00
Bhawoh Jue,DB,2007,0,0,1,14,79,0,0,0,0,0,0,0,0,0,0,0,144,6,1.5,JuexBh20
Dave Kadela,T,2004,0,0,0,0,2,0,0,0,0,0,0,0,0,0,0,0,,,,KadeDa20
Kevin Kaesviharn,DB,2009,0,0,2,26,127,0,0,0,0,0,0,0,0,0,0,0,384,17,6.0,KaesKe20
Kevin Kasper,WR,2006,0,0,0,2,39,0,0,0,0,0,7,34,0,24,287,3,10,,,KaspKe00
Michael Keathley,G,2003,0,0,0,4,36,0,0,0,0,0,0,0,0,0,0,0,,,,KeatMi20
Eric Kelly,DB,2003,0,0,2,9,48,0,0,0,0,0,0,0,0,0,0,0,136,3,,KellEr20
Lewis Kelly,T-G,2005,0,0,0,4,18,0,0,0,0,0,0,0,0,0,0,0,,,,KellLe21
Andre King,WR,2004,0,0,0,2,42,0,0,0,0,0,0,0,0,30,327,0,4,,,KingAn00
Marcus Knight,WR,2002,0,0,0,0,21,0,0,0,0,0,0,0,0,3,26,0,7,,,KnigMa00
Roger Knight,LB,2004,0,0,0,4,48,0,0,0,0,0,0,0,0,0,0,0,53,,,KnigRo20
Kris Kocurek,DT,2001,0,0,0,0,1,0,0,0,0,0,0,0,0,0,0,0,,,,KocuKr20
Ross Kolodziej,DT,2007,0,0,1,12,54,0,0,0,0,0,0,0,0,0,0,0,45,,4.0,KoloRo20
Justin Kurpeikis,LB,2004,0,0,0,0,14,0,0,0,0,0,0,0,0,0,0,0,4,,,KurpJu20
George Layne,RB,2004,0,0,0,0,11,0,0,0,0,0,3,32,0,4,20,0,6,,,LaynGe00
Lance Legree,DT-DE,2006,0,0,1,15,77,0,0,0,0,0,0,0,0,0,0,0,131,,7.0,LeGrLa20
Matt Lehr,C-G,2008,0,0,3,23,98,0,0,0,0,0,0,0,0,0,0,0,2,,,LehrMa20
Zebbie Lethridge,DB,2001,0,0,0,0,2,0,0,0,0,0,0,0,0,0,0,0,,,,LethZe20
Otis Leverette,DE,2004,0,0,0,3,17,0,0,0,0,0,0,0,0,0,0,0,25,1,2.0,LeveOt20
Damione Lewis,DT,2010,0,0,3,32,141,0,0,0,0,0,0,0,0,0,0,0,201,,23.5,LewiDa20
Michael Lewis,WR,2007,1,1,0,9,76,0,0,0,0,0,2,17,0,28,553,1,37,,,LewiMi00
Matt Light,T,2011,1,3,10,89,155,0,0,0,0,0,0,0,0,0,0,0,,,,LighMa20
Ken Lucas,DB,2009,0,0,7,46,138,0,0,0,0,0,0,0,0,0,0,0,461,25,,LucaKe20
Louis Mackey,LB,2002,0,0,0,2,16,0,0,0,0,0,0,0,0,0,0,0,10,,,MackLo20
Joe Maese,C,2005,0,0,0,7,65,0,0,0,0,0,0,0,0,0,0,0,5,,,MaesJo20
Brandon Manumaleuna,TE,2010,0,0,7,8,158,0,0,0,0,0,6,18,0,115,1008,13,1,,,ManuBr00
Torrance Marshall,LB,2004,0,0,0,7,51,0,0,0,0,0,0,0,0,0,0,0,60,,1.0,MarsTo20
David Martin,TE,2011,0,0,4,12,120,0,0,0,0,0,0,0,0,159,1562,15,14,,,MartDa00
Tee Martin,QB,2003,0,0,0,0,3,6,16,69,0,1,6,36,0,0,0,0,,,,MartTe00
Deuce McAllister,RB,2008,0,2,4,55,97,1,4,12,1,0,1429,6096,49,234,1720,5,4,,,McAlDe00
Justin McCareins,WR,2008,0,0,5,33,114,0,0,0,0,0,8,42,0,240,3676,16,10,,,McCaJu00
Central McClellion,DB,2001,0,0,0,0,6,0,0,0,0,0,0,0,0,0,0,0,12,,,McClCe20
Quentin McCord,WR,2003,0,0,0,5,25,0,0,0,0,0,4,13,0,23,427,1,4,,,McCoQu00
Marlon McCree,DB,2008,0,0,7,35,114,0,0,0,0,0,0,0,0,0,0,0,349,16,3.0,McCrMa20
Sean McDermott,TE,2003,0,0,0,1,38,0,0,0,0,0,0,0,0,0,0,0,5,,,McDeSe20
Phil McGeoghan,WR,2001,0,0,0,0,2,0,0,0,0,0,0,0,0,0,0,0,,,,McGePh20
Kareem McKenzie,T,2011,0,0,10,62,161,0,0,0,0,0,0,0,0,0,0,0,,,,McKeKa20
Jeremy McKinney,G,2002,0,0,1,5,18,0,0,0,0,0,0,0,0,0,0,0,,,,McKiJe20
Mike McMahon,QB,2005,0,0,0,6,29,229,515,2867,15,21,82,409,7,1,7,0,,,,McMaMi00
Kirk McMullen,TE,2001,0,0,0,0,7,0,0,0,0,0,0,0,0,2,15,0,,,,McMuKi00
Rondell Mealey,RB,2002,0,0,0,2,14,0,0,0,0,0,22,73,1,9,76,0,7,,,MealRo00
Shad Meier,TE,2005,0,0,0,3,53,0,0,0,0,0,0,0,0,42,334,3,2,,,MeieSh00
Than Merrill,DB,2001,0,0,0,1,15,0,0,0,0,0,0,0,0,0,0,0,7,,,MerrTh20
Ahmad Merritt,WR,2003,0,0,0,1,29,0,0,0,0,0,1,5,0,19,170,0,18,,,MerrAh00
Willie Middlebrooks,DB,2005,0,0,0,4,56,0,0,0,0,0,0,0,0,0,0,0,63,,1.0,MiddWi20
Snoop Minnis,WR,2002,0,0,1,5,15,0,0,0,0,0,0,0,0,34,515,1,,,,MinnMa00
Travis Minor,RB,2008,0,0,0,10,118,0,0,0,0,0,307,1230,8,67,474,1,48,,,MinoTr00
Dwayne Missouri,DE,2001,0,0,0,0,2,0,0,0,0,0,0,0,0,0,0,0,,,,MissDw20
Freddie Mitchell,WR,2004,0,0,1,13,63,1,3,25,1,0,2,-4,0,90,1263,5,4,,,MitcFr00
Mario Monds,DT,2004,0,0,0,1,7,0,0,0,0,0,0,0,0,0,0,0,4,,,MondMa20
Ron Moore,DT,2001,0,0,0,0,1,0,0,0,0,0,0,0,0,0,0,0,,,,MoorRo22
Brian Moorman,P,2013,2,2,0,23,202,3,7,68,2,0,13,55,0,0,0,0,8,,,MoorBr24
Zeke Moreno,LB,2005,0,0,1,10,61,0,0,0,0,0,0,0,0,0,0,0,139,1,3.0,MoreZe20
Dan Morgan,LB,2007,0,1,5,30,59,0,0,0,0,0,0,0,0,0,0,0,284,5,7.0,MorgDa99
Quincy Morgan,WR,2006,0,0,4,20,86,0,0,0,0,0,10,53,0,164,2466,17,1,,,MorgQu00
Kelvin Moses,LB,2002,0,0,0,2,32,0,0,0,0,0,0,0,0,0,0,0,25,,,MoseKe20
Santana Moss,WR,2014,0,1,9,72,197,0,0,0,0,0,51,287,0,732,10283,66,,,,MossSa00
Leonard Myers,DB,2003,0,0,0,1,17,0,0,0,0,0,0,0,0,0,0,0,22,,,MyerLe20
Brian Natkin,TE,2001,0,0,0,0,3,0,0,0,0,0,0,0,0,2,42,0,,,,NatkBr00
Richard Newsome,DB,2001,0,0,0,1,11,0,0,0,0,0,0,0,0,0,0,0,8,,,NewsRi20
John Nix,DT,2004,0,0,0,2,31,0,0,0,0,0,0,0,0,0,0,0,17,,,NixxJo20
Mathias Nkwenti,T,2003,0,0,0,0,2,0,0,0,0,0,0,0,0,0,0,0,,,,NkweMa20
Moran Norris,FB,2011,0,0,4,1,140,0,0,0,0,0,28,67,1,38,198,3,19,,,NorrMo00
Dan O'Leary,TE,2002,0,0,0,0,17,0,0,0,0,0,0,0,0,0,0,0,2,,,OLeaDa20
Kendrick Office,DE,2002,0,0,0,2,18,0,0,0,0,0,0,0,0,0,0,0,15,,3.0,OffiKe20
Cedric Oglesby,K,2001,0,0,0,1,3,0,0,0,0,0,0,0,0,0,0,0,1,,,oglesced01
Adewale Ogunleye,DE,2010,0,1,8,59,130,0,0,0,0,0,0,0,0,0,0,0,299,1,67.0,OgunAd00
Ifeanyi Ohalete,DB,2005,0,0,4,20,78,0,0,0,0,0,0,0,0,1,3,0,235,8,1.0,OhalIf20
Chukky Okobi,C-G,2007,0,0,0,7,78,0,0,0,0,0,0,0,0,0,0,0,,,,OkobCh20
Hans Olsen,DT,2001,0,0,0,0,2,0,0,0,0,0,0,0,0,0,0,0,,,,OlseHa20
Wes Ours,RB,2001,0,0,0,0,3,0,0,0,0,0,0,0,0,1,3,0,,,,OursWe00
Juqua Parker,DE,2012,0,0,3,32,162,0,0,0,0,0,0,0,0,0,0,0,210,1,42.5,ThomJu20
Tommy Parks,P,2001,0,0,0,0,1,0,0,0,0,0,0,0,0,0,0,0,,,,ParkTo20
DeWayne Patmon,DB,2002,0,0,0,1,22,0,0,0,0,0,0,0,0,0,0,0,7,,,PatmDe20
Will Peterson,DB,2010,0,0,3,23,97,0,0,0,0,0,0,0,0,0,0,0,75,8,,PeteWi20
Ryan Pickett,DT,2014,0,0,13,58,207,0,0,0,0,0,0,0,0,0,0,0,386,,9.5,PickRy20
Antonio Pierce,LB,2009,0,1,6,49,124,0,0,0,0,0,0,0,0,0,0,0,535,7,9.0,PierAn20
Owen Pochman,K,2003,0,0,0,-2,16,0,0,0,0,0,0,0,0,0,0,0,1,,,pochmowe01
Carlos Polk,LB,2008,0,0,0,7,74,0,0,0,0,0,0,0,0,0,0,0,101,,4.0,PolkCa20
Tommy Polley,LB,2005,0,0,5,30,73,0,0,0,0,0,0,0,0,0,0,0,311,4,6.0,PollTo21
Alvin Porter,DB,2003,0,0,0,5,33,0,0,0,0,0,0,0,0,0,0,0,54,1,,PortAl20
Ryan Prince,TE,2001,0,0,0,0,8,0,0,0,0,0,0,0,0,0,0,0,,,,PrinRy20
Dominic Raiola,C,2014,0,0,13,64,219,0,0,0,0,0,0,0,0,0,0,0,2,,,RaioDo20
Ken-Yon Rambo,WR,2002,0,0,0,1,29,0,0,0,0,0,0,0,0,17,239,0,2,,,RambKe00
Jamie Reader,FB,2001,0,0,0,0,16,0,0,0,0,0,0,0,0,2,14,0,8,,,ReadJa00
James Reed,DT,2007,0,0,2,19,99,0,0,0,0,0,0,0,0,0,0,0,162,,7.0,ReedJa21
Tutan Reyes,G-T,2008,0,0,2,19,53,0,0,0,0,0,0,0,0,0,0,0,2,,,ReyeTu20
Jamal Reynolds,DE,2003,0,0,0,3,18,0,0,0,0,0,0,0,0,0,0,0,14,,3.0,ReynJa20
Dominic Rhodes,RB,2010,0,0,2,36,99,0,0,0,0,0,814,3286,26,147,1025,4,3,,,RhodDo00
Alan Ricard,FB,2005,0,0,3,3,55,0,0,0,0,0,43,173,2,32,179,0,1,,,RicaAl00
Karon Riley,LB,2004,0,0,0,1,25,0,0,0,0,0,0,0,0,0,0,0,13,,,RileKa20
Marcellus Rivers,TE,2007,0,0,0,3,79,0,0,0,0,0,0,0,0,51,395,4,45,,,RiveMa00
Mike Roberg,TE,2002,0,0,0,0,13,0,0,0,0,0,0,0,0,2,17,1,1,,,RobeMi00
Tyrone Robertson,DT,2001,0,0,0,1,12,0,0,0,0,0,0,0,0,0,0,0,19,,2.0,RobeTy20
Koren Robinson,WR,2008,0,1,4,35,96,0,0,0,0,0,23,115,1,294,4244,16,1,,,RobiKo00
Shaun Rogers,DT,2013,0,3,8,57,163,0,0,0,0,0,0,0,0,0,0,0,374,1,37.5,RogeSh99
Micah Ross,WR,2004,0,0,0,0,45,0,0,0,0,0,0,0,0,0,0,0,15,,,RossMi20
Davis Sanchez,DB,2002,0,0,0,2,22,0,0,0,0,0,0,0,0,0,0,0,26,,,SancDa20
Jace Sayler,NT,2001,0,0,0,1,2,0,0,0,0,0,0,0,0,0,0,0,1,,,SaylJa20
John Schlecht,DT,2001,0,0,0,1,8,0,0,0,0,0,0,0,0,0,0,0,5,,,SchlJo20
Aaron Schobel,DE,2009,0,2,8,62,133,0,0,0,0,0,0,0,0,0,0,0,334,3,78.0,SchoAa99
Cedric Scott,DE,2002,0,0,0,1,13,0,0,0,0,0,0,0,0,0,0,0,4,,,ScotCe20
Gari Scott,WR,2001,0,0,0,0,3,0,0,0,0,0,0,0,0,2,26,0,,,,ScotGa00
Lynn Scott,DB,2005,0,0,1,7,66,0,0,0,0,0,0,0,0,0,0,0,65,1,1.0,ScotLy20
Bobby Setzer,DE,2002,0,0,0,1,16,0,0,0,0,0,0,0,0,0,0,0,9,,1.0,SetzBo20
Rich Seubert,G,2010,0,0,5,39,104,0,0,0,0,0,0,0,0,0,0,0,,,,SeubRi20
Richard Seymour,DE-DT,2012,3,7,11,91,164,0,0,0,0,0,0,0,0,0,0,0,326,2,57.5,SeymRi00
Gannon Shepherd,T,2001,0,0,0,0,1,0,0,0,0,0,0,0,0,0,0,0,,,,ShepGa20
Marcel Shipp,RB,2007,0,0,2,17,88,0,0,0,0,0,605,2197,11,113,937,3,31,,,ShipMa00
Rod Smart,RB,2005,0,0,0,1,53,0,0,0,0,0,29,67,0,4,16,0,35,,,SmarRo00
Dwight Smith,DB,2008,0,0,5,34,117,0,0,0,0,0,0,0,0,0,0,0,405,22,2.0,SmitDw20
Justin Smith,DE,2014,1,5,14,101,221,0,0,0,0,0,0,0,0,0,0,0,615,3,87.0,SmitJu20
Kenny Smith,DT-DE,2009,0,0,1,7,36,0,0,0,0,0,0,0,0,0,0,0,58,,4.5,SmitKe23
Steve Smith Sr.,WR,2016,2,5,14,102,219,0,1,0,0,0,57,387,2,1031,14731,81,,,,SmitSt01
Fred Smoot,DB,2009,0,0,7,40,129,0,0,0,0,0,0,0,0,0,0,0,390,21,,SmooFr20
Mike Solwold,C,2004,0,0,0,1,13,0,0,0,0,0,0,0,0,0,0,0,,,,SolwMi20
Nick Sorensen,DB,2010,0,0,0,7,131,0,0,0,0,0,0,0,0,0,0,0,109,,0.5,SoreNi20
Brandon Spoon,LB,2001,0,0,1,5,14,0,0,0,0,0,0,0,0,0,0,0,45,2,,SpooBr20
Markus Steele,LB,2003,0,0,1,8,42,0,0,0,0,0,0,0,0,0,0,0,73,,,SteeMa20
Matt Stewart,LB,2006,0,0,4,26,93,0,0,0,0,0,0,0,0,0,0,0,243,1,8.0,StewMa21
Quincy Stewart,LB,2003,0,0,0,3,43,0,0,0,0,0,0,0,0,0,0,0,28,1,,StewQu20
Tony Stewart,TE,2009,0,0,1,5,115,0,0,0,0,0,0,0,0,76,623,3,43,,,StewTo00
Michael Stone,DB,2006,0,0,0,4,52,0,0,0,0,0,0,0,0,0,0,0,62,,,StonMi20
Marcus Stroud,DT,2010,0,3,9,67,146,0,0,0,0,0,0,0,0,0,0,0,314,,29.5,StroMa01
Marques Sullivan,G-T,2003,0,0,1,11,32,0,0,0,0,0,0,0,0,0,0,0,,,,SullMa20
Vinny Sutherland,WR,2002,0,0,0,0,16,0,0,0,0,0,1,16,0,1,5,0,1,,,SuthVi00
Kevin Swayne,WR,2003,0,0,0,3,45,0,0,0,0,0,0,0,0,20,310,1,1,,,SwayKe00
Reggie Swinton,WR,2005,0,0,0,8,69,0,0,0,0,0,6,33,0,41,493,2,3,,,SwinRe00
Joe Tafoya,DE,2007,0,0,0,10,76,0,0,0,0,0,0,0,0,0,0,0,83,,3.5,TafoJo20
Tony Taylor,RB,2001,0,0,0,0,1,0,0,0,0,0,1,0,0,0,0,0,,,,TaylTo00
David Terrell,WR,2005,0,0,1,11,54,0,0,0,0,0,4,14,0,128,1602,9,,,,TerrDa00
Anthony Thomas,RB,2007,0,0,3,27,87,0,0,0,0,0,1044,3891,23,113,756,1,2,,,ThomAn01
Byron Thweatt,LB,2001,0,0,0,0,5,0,0,0,0,0,0,0,0,0,0,0,6,,,ThweBy20
Joe Todd,LB,2001,0,0,0,0,1,0,0,0,0,0,0,0,0,0,0,0,1,,,ToddJo20
LaDainian Tomlinson,RB,2011,3,5,10,129,170,8,12,143,7,0,3174,13684,145,624,4772,17,,,,TomlLa00
Stephen Trejo,FB,2004,0,0,0,0,59,0,0,0,0,0,1,0,0,12,113,0,34,,,TrejSt00
Ross Tucker,G,2005,0,0,2,10,42,0,0,0,0,0,0,0,0,0,0,0,,,,TuckRo20
Marques Tuiasosopo,QB,2008,0,0,0,1,13,49,90,554,2,7,17,79,0,0,0,0,,,,TuiaMa00
Joe Tuipala,LB,2002,0,0,0,2,27,0,0,0,0,0,0,0,0,0,0,0,29,,,TuipJo20
Nate Turner,WR,2001,0,0,0,0,1,0,0,0,0,0,0,0,0,0,0,0,,,,TurnNa20
T.J. Turner,LB,2001,0,0,0,0,2,0,0,0,0,0,0,0,0,0,0,0,1,,,TurnT.21
Kyle Vanden Bosch,DE,2012,0,3,9,58,152,0,0,0,0,0,0,0,0,0,0,0,336,,58.0,VandKy99
Michael Vick,QB,2015,0,4,7,92,143,1807,3217,22464,133,88,873,6109,36,2,1,0,,,,VickMi00
Keydrick Vincent,G,2010,0,0,6,34,102,0,0,0,0,0,0,0,0,0,0,0,,,,VincKe20
Billy Volek,QB,2011,0,0,0,12,39,337,561,3754,27,15,57,28,2,1,0,0,,,,VoleBi00
Reggie Waddell,DB,2001,0,0,0,0,1,0,0,0,0,0,0,0,0,0,0,0,,,,WaddRe20
John Waerig,TE,2001,0,0,0,0,1,0,0,0,0,0,0,0,0,1,6,0,,,,WaerJo00
Fred Wakefield,DE-T,2008,0,0,3,17,80,0,0,0,0,0,0,0,0,2,24,0,74,1,6.5,WakeFr00
Joe Walker,DB,2002,0,0,0,2,21,0,0,0,0,0,0,0,0,0,0,0,17,,,WalkJo20
Kenyatta Walker,T,2006,0,0,5,29,75,0,0,0,0,0,0,0,0,0,0,0,,,,WalkKe21
Rod Walker,DT,2003,0,0,0,5,31,0,0,0,0,0,0,0,0,0,0,0,24,,,WalkRo21
Raymond Walls,DB,2005,0,0,0,4,41,0,0,0,0,0,0,0,0,0,0,0,40,1,,WallRa20
Gerard Warren,DT,2011,0,0,9,49,163,0,0,0,0,0,0,0,0,0,0,0,253,,36.5,WarrGe20
Patrick Washington,FB,2002,0,0,1,0,30,0,0,0,0,0,0,0,0,6,41,0,15,,,WashPa00
Reggie Wayne,WR,2014,1,6,13,116,211,0,1,0,0,1,4,0,0,1070,14345,82,,,,WaynRe00
Chris Weinke,QB,2007,0,0,1,9,29,386,709,3904,15,26,54,148,6,0,0,0,,,,WeinCh00
Eric Westmoreland,LB,2004,0,0,0,5,44,0,0,0,0,0,0,0,0,0,0,0,63,,2.0,WestEr20
Damen Wheeler,DB,2001,0,0,0,0,5,0,0,0,0,0,0,0,0,0,0,0,8,,,WheeDa20
Clayton White,LB,2001,0,0,0,1,16,0,0,0,0,0,0,0,0,0,0,0,8,,,WhitCl20
Reggie White,RB,2001,0,0,0,0,5,0,0,0,0,0,0,0,0,0,0,0,1,,,WhitRe20
Josh Whitman,TE,2001,0,0,0,0,4,0,0,0,0,0,0,0,0,0,0,0,,,,WhitJo21
Daniel Wilcox,TE,2008,0,0,0,5,64,0,0,0,0,0,0,0,0,76,576,8,39,,,WilcDa01
Bobbie Williams,G,2012,0,0,9,55,163,0,0,0,0,0,0,0,0,0,0,0,1,,,WillBo21
Boo Williams,TE,2004,0,0,0,10,59,0,0,0,0,0,0,0,0,107,1143,12,1,,,WillBo00
Jimmy Williams,DB,2006,0,0,0,9,80,0,0,0,0,0,0,0,0,0,0,0,124,3,1.0,WillJi22
Maurice Williams,T,2009,0,0,6,47,105,0,0,0,0,0,0,0,0,0,0,0,,,,WillMa25
Randal Williams,WR,2006,0,0,0,5,67,0,0,0,0,0,1,13,0,42,471,0,27,,,WillRa01
Rodney Williams,P,2001,0,0,0,3,15,0,0,0,0,0,2,16,0,0,0,0,2,,,WillRo23
Adrian Wilson,DB,2012,1,5,11,68,181,0,0,0,0,0,0,0,0,0,0,0,730,27,25.5,WilsAd99
Cedrick Wilson,WR,2007,0,0,2,22,100,2,2,27,0,0,7,53,0,178,2365,8,2,,,WilsCe00
Gillis Wilson,DE,2001,0,0,0,1,5,0,0,0,0,0,0,0,0,0,0,0,7,,0.5,WilsGi21
Jamie Winborn,LB,2010,0,0,2,18,100,0,0,0,0,0,0,0,0,0,0,0,281,3,10.0,WinbJa20
Terry Witherspoon,FB,2001,0,0,0,0,3,0,0,0,0,0,0,0,0,1,9,0,,,,WithTe00
Floyd Womack,T,2010,0,0,5,30,120,0,0,0,0,0,0,0,0,0,0,0,1,,,WomaFl20
Cedric Woodard,DT,2004,0,0,2,14,61,0,0,0,0,0,0,0,0,0,0,0,78,,1.0,WoodCe20
Tory Woodbury,QB,2002,0,0,0,0,12,0,0,0,0,0,0,0,0,1,13,0,4,,,WoodTo02
LeVar Woods,LB,2007,0,0,0,11,88,0,0,0,0,0,0,0,0,0,0,0,144,,2.5,WoodLe21
Shawn Worthen,DT,2001,0,0,0,0,4,0,0,0,0,0,0,0,0,0,0,0,3,,,WortSh20
Fearon Wright,LB,2001,0,0,0,0,7,0,0,0,0,0,0,0,0,0,0,0,2,,,WrigFe20
Ellis Wyms,DE,2008,0,0,1,13,95,0,0,0,0,0,0,0,0,0,0,0,106,,19.0,WymsEl20
Milton Wynn,WR,2002,0,0,0,1,4,0,0,0,0,0,0,0,0,4,69,0,,,,WynnMi00
Paul Zukauskas,G-T,2004,0,0,1,9,43,0,0,0,0,0,0,0,0,0,0,0,,,,ZukaPa20