Rnd,Pick,Tm,Player,Pos,Age,To,AP1,PB,St,wAV,DrAV,G,Cmp,Att,Yds,TD,Int,Att,Yds,TD,Rec,Yds,TD,Solo,Int,Sk,College/Univ,,-9999
1,1,ATL,Michael Vick,QB,21,2015,0,4,7,92,60,143,1807,3217,22464,133,88,873,6109,36,2,1,0,,,,Virginia Tech,College Stats,VickMi00
1,2,ARI,Leonard Davis,T,23,2012,0,3,10,66,27,171,0,0,0,0,0,0,0,0,0,0,0,,,,Texas,College Stats,DaviLe21
1,3,CLE,Gerard Warren,DT,23,2011,0,0,9,49,25,163,0,0,0,0,0,0,0,0,0,0,0,253,,36.5,Florida,,WarrGe20
1,4,CIN,Justin Smith,DE,21,2014,1,5,14,101,27,221,0,0,0,0,0,0,0,0,0,0,0,615,3,87.0,Missouri,,SmitJu20
1,5,SDG,LaDainian Tomlinson HOF,RB,22,2011,3,5,10,129,121,170,8,12,143,7,0,3174,13684,145,624,4772,17,,,,TCU,College Stats,TomlLa00
1,6,NWE,Richard Seymour HOF,DE,21,2012,3,7,11,91,73,164,0,0,0,0,0,0,0,0,0,0,0,326,2,57.5,Georgia,,SeymRi00
1,7,SFO,Andre Carter,DE,22,2013,0,1,10,59,22,184,0,0,0,0,0,0,0,0,0,0,0,388,,80.5,California,College Stats,CartAn20
1,8,CHI,David Terrell,WR,22,2005,0,0,1,11,11,54,0,0,0,0,0,4,14,0,128,1602,9,,,,Michigan,College Stats,TerrDa00
1,9,SEA,Koren Robinson,WR,21,2008,0,1,4,35,30,96,0,0,0,0,0,23,115,1,294,4244,16,1,,,North Carolina St.,College Stats,RobiKo00
1,10,GNB,Jamal Reynolds,DE,22,2003,0,0,0,3,3,18,0,0,0,0,0,0,0,0,0,0,0,14,,3.0,Florida St.,College Stats,ReynJa20
1,11,CAR,Dan Morgan,LB,22,2007,0,1,5,30,30,59,0,0,0,0,0,0,0,0,0,0,0,284,5,7.0,Miami (FL),College Stats,MorgDa99
1,12,STL,Damione Lewis,DT,23,2010,0,0,3,32,13,141,0,0,0,0,0,0,0,0,0,0,0,201,,23.5,Miami (FL),,LewiDa20
1,13,JAX,Marcus Stroud,DT,23,2010,0,3,9,67,50,146,0,0,0,0,0,0,0,0,0,0,0,314,,29.5,Georgia,,StroMa01
1,14,TAM,Kenyatta Walker,T,22,2006,0,0,5,29,29,75,0,0,0,0,0,0,0,0,0,0,0,,,,Florida,,WalkKe21
1,15,WAS,Rod Gardner,WR,23,2006,0,0,4,25,23,91,2,7,46,2,0,5,24,0,242,3165,23,5,,,Clemson,College Stats,GardRo00
1,16,NYJ,Santana Moss,WR,22,2014,0,1,9,72,23,197,0,0,0,0,0,51,287,0,732,10283,66,,,,Miami (FL),College Stats,MossSa00
1,17,SEA,Steve Hutchinson HOF,G,23,2012,5,7,11,94,43,169,0,0,0,0,0,0,0,0,0,0,0,,,,Michigan,College Stats,HutcSt00
1,18,DET,Jeff Backus,T,23,2012,0,0,12,61,61,191,0,0,0,0,0,0,0,0,0,0,0,,,,Michigan,,BackJe20
1,19,PIT,Casey Hampton,NT,24,2012,0,5,11,73,73,173,0,0,0,0,0,0,0,0,0,0,0,231,,9.0,Texas,College Stats,HampCa00
1,20,STL,Adam Archuleta,DB,23,2007,0,0,7,31,26,103,0,0,0,0,0,0,0,0,0,0,0,453,4,18.0,Arizona St.,College Stats,ArchAd20
1,21,BUF,Nate Clements,DB,21,2012,0,1,11,61,39,180,0,0,0,0,0,0,0,0,0,0,0,669,36,4.5,Ohio St.,College Stats,ClemNa99
1,22,NYG,Will Allen,DB,23,2011,0,0,8,41,24,140,0,0,0,0,0,0,0,0,0,0,0,460,15,5.0,Syracuse,College Stats,AlleWi20
1,23,NOR,Deuce McAllister,RB,22,2008,0,2,4,55,55,97,1,4,12,1,0,1429,6096,49,234,1720,5,4,,,Mississippi,College Stats,McAlDe00
1,24,DEN,Willie Middlebrooks,DB,22,2005,0,0,0,4,4,56,0,0,0,0,0,0,0,0,0,0,0,63,,1.0,Minnesota,College Stats,MiddWi20
1,25,PHI,Freddie Mitchell,WR,22,2004,0,0,1,13,13,63,1,3,25,1,0,2,-4,0,90,1263,5,4,,,UCLA,College Stats,MitcFr00
1,26,MIA,Jamar Fletcher,DB,22,2008,0,0,0,9,4,105,0,0,0,0,0,0,0,0,0,0,0,170,7,1.0,Wisconsin,College Stats,FletJa20
1,27,MIN,Michael Bennett,RB,23,2010,0,1,3,34,29,107,0,0,0,0,0,842,3703,13,159,1294,6,11,,,Wisconsin,College Stats,BennMi00
1,28,OAK,Derrick Gibson,DB,22,2006,0,0,2,13,13,69,0,0,0,0,0,0,0,0,0,0,0,161,3,2.0,Florida St.,College Stats,GibsDe21
1,29,STL,Ryan Pickett,DT,21,2014,0,0,13,58,22,207,0,0,0,0,0,0,0,0,0,0,0,386,,9.5,Ohio St.,,PickRy20
1,30,IND,Reggie Wayne,WR,22,2014,1,6,13,116,116,211,0,1,0,0,1,4,0,0,1070,14345,82,,,,Miami (FL),College Stats,WaynRe00
1,31,BAL,Todd Heap,TE,21,2012,0,2,8,43,42,145,0,1,0,0,0,8,61,0,499,5869,42,1,,,Arizona St.,College Stats,HeapTo00
2,32,SDG,Drew Brees,QB,22,2020,1,13,19,167,27,287,7142,10551,80358,571,243,498,752,25,8,74,1,,,,Purdue,College Stats,BreeDr00
2,33,CLE,Quincy Morgan,WR,23,2006,0,0,4,20,17,86,0,0,0,0,0,10,53,0,164,2466,17,1,,,Kansas St.,College Stats,MorgQu00
2,34,ARI,Kyle Vanden Bosch,DE,22,2012,0,3,9,58,7,152,0,0,0,0,0,0,0,0,0,0,0,336,,58.0,Nebraska,,VandKy99
2,35,ATL,Alge Crumpler,TE,23,2010,0,4,10,41,38,155,0,0,0,0,0,0,0,0,373,4743,39,2,,,North Carolina,College Stats,CrumAl00
2,36,CIN,Chad Johnson,WR,23,2011,2,6,9,85,84,166,0,1,0,0,0,24,175,0,766,11059,67,,,,Oregon St.,College Stats,JohnCh01
2,37,IND,Idrees Bashir,DB,22,2007,0,0,4,19,18,71,0,0,0,0,0,0,0,0,0,0,0,181,6,,Memphis,College Stats,BashId20
2,38,CHI,Anthony Thomas,RB,23,2007,0,0,3,27,22,87,0,0,0,0,0,1044,3891,23,113,756,1,2,,,Michigan,College Stats,ThomAn01
2,39,PIT,Kendrell Bell,LB,23,2007,0,1,5,40,29,90,0,0,0,0,0,0,0,0,0,0,0,274,1,20.5,Georgia,College Stats,BellKe20
2,40,SEA,Ken Lucas,DB,22,2009,0,0,7,46,20,138,0,0,0,0,0,0,0,0,0,0,0,461,25,,Mississippi,College Stats,LucaKe20
2,41,GNB,Robert Ferguson,WR,21,2008,0,0,3,18,15,83,0,0,0,0,0,1,-8,0,151,1993,13,31,,,Texas A&M,College Stats,FergRo00
2,42,STL,Tommy Polley,LB,23,2005,0,0,5,30,23,73,0,0,0,0,0,0,0,0,0,0,0,311,4,6.0,Florida St.,College Stats,PollTo21
2,43,JAX,Maurice Williams,T,22,2009,0,0,6,47,47,105,0,0,0,0,0,0,0,0,0,0,0,,,,Michigan,,WillMa25
2,44,CAR,Kris Jenkins,DT,22,2010,2,4,6,68,54,108,0,0,0,0,0,0,0,0,0,0,0,220,,24.0,Maryland,,JenkKr00
2,45,WAS,Fred Smoot,DB,22,2009,0,0,7,40,34,129,0,0,0,0,0,0,0,0,0,0,0,390,21,,Mississippi St.,College Stats,SmooFr20
2,46,BUF,Aaron Schobel,DE,24,2009,0,2,8,62,62,133,0,0,0,0,0,0,0,0,0,0,0,334,3,78.0,TCU,College Stats,SchoAa99
2,47,SFO,Jamie Winborn,LB,22,2010,0,0,2,18,12,100,0,0,0,0,0,0,0,0,0,0,0,281,3,10.0,Vanderbilt,,WinbJa20
2,48,NWE,Matt Light,T,23,2011,1,3,10,89,89,155,0,0,0,0,0,0,0,0,0,0,0,,,,Purdue,College Stats,LighMa20
2,49,NYJ,LaMont Jordan,RB,22,2009,0,0,2,30,11,114,0,2,0,0,1,897,3734,28,158,1301,3,2,,,Maryland,College Stats,JordLa00
2,50,DET,Dominic Raiola,C,22,2014,0,0,13,64,64,219,0,0,0,0,0,0,0,0,0,0,0,2,,,Nebraska,College Stats,RaioDo20
2,51,DEN,Paul Toviessi,DE,,,0,0,0,,,,,,,,,,,,,,,,,,Marshall,College Stats,-9999
2,52,MIA,Chris Chambers,WR,23,2010,0,1,8,58,41,153,0,0,0,0,0,44,373,0,540,7648,58,2,,,Wisconsin,College Stats,ChamCh00
2,53,DAL,Quincy Carter,QB,23,2004,0,0,2,16,15,38,542,960,6337,32,37,152,518,3,0,0,0,,,,Georgia,College Stats,CartQu00
2,54,ARI,Michael Stone,DB,23,2006,0,0,0,4,2,52,0,0,0,0,0,0,0,0,0,0,0,62,,,Memphis,College Stats,StonMi20
2,55,PHI,Quinton Caver,LB,23,2005,0,0,0,5,1,53,0,0,0,0,0,0,0,0,0,0,0,56,,,Arkansas,College Stats,CaveQu20
2,56,DAL,Tony Dixon,DB,22,2004,0,0,0,9,9,56,0,0,0,0,0,0,0,0,0,0,0,107,1,6.0,Alabama,College Stats,DixoTo20
2,57,MIN,Willie Howard,DE,23,2001,0,0,0,1,1,8,0,0,0,0,0,0,0,0,0,0,0,10,,,Stanford,College Stats,HowaWi20
2,58,BUF,Travis Henry,RB,22,2007,0,1,4,41,27,90,0,1,0,0,1,1488,6086,38,141,951,2,1,,,Tennessee,College Stats,HenrTr00
2,59,OAK,Marques Tuiasosopo,QB,22,2008,0,0,0,1,1,13,49,90,554,2,7,17,79,0,0,0,0,,,,Washington,College Stats,TuiaMa00
2,60,TEN,Andre Dyson,DB,22,2007,0,0,5,31,21,96,0,0,0,0,0,0,0,0,0,0,0,282,22,1.0,Utah,College Stats,DysoAn20
2,61,DET,Shaun Rogers,DT,22,2013,0,3,8,57,40,163,0,0,0,0,0,0,0,0,0,0,0,374,1,37.5,Texas,,RogeSh99
2,62,BAL,Gary Baxter,DB,22,2006,0,0,3,20,16,62,0,0,0,0,0,0,0,0,0,0,0,252,8,3.0,Baylor,,BaxtGa20
3,63,PHI,Derrick Burgess,DE,23,2010,0,2,4,40,8,102,0,0,0,0,0,0,0,0,0,0,0,215,,52.0,Mississippi,College Stats,BurgDe99
3,64,ARI,Adrian Wilson,DB,21,2012,1,5,11,68,68,181,0,0,0,0,0,0,0,0,0,0,0,730,27,25.5,North Carolina St.,College Stats,WilsAd99
3,65,CLE,James Jackson,RB,25,2005,0,0,1,9,9,52,0,0,0,0,0,325,1082,5,32,232,0,4,,,Miami (FL),College Stats,JackJa00
3,66,CIN,Sean Brewer,TE,23,2003,0,0,0,0,0,12,0,0,0,0,0,0,0,0,0,0,0,1,,,San Jose St.,College Stats,BrewSe20
3,67,SDG,Tay Cody,DB,23,2003,0,0,1,4,4,19,0,0,0,0,0,0,0,0,0,0,0,65,2,,Florida St.,College Stats,CodyTa20
3,68,CHI,Mike Gandy,T,22,2009,0,0,7,42,8,108,0,0,0,0,0,0,0,0,0,0,0,,,,Notre Dame,,GandMi20
3,69,MIN,Eric Kelly,DB,24,2003,0,0,2,9,9,48,0,0,0,0,0,0,0,0,0,0,0,136,3,,Kentucky,College Stats,KellEr20
3,70,NOR,Sedrick Hodge,LB,22,2005,0,0,3,17,17,63,0,0,0,0,0,0,0,0,0,0,0,164,,1.0,North Carolina,,HodgSe20
3,71,GNB,Bhawoh Jue,DB,22,2007,0,0,1,14,8,79,0,0,0,0,0,0,0,0,0,0,0,144,6,1.5,Penn St.,College Stats,JuexBh20
3,72,GNB,Torrance Marshall,LB,24,2004,0,0,0,7,7,51,0,0,0,0,0,0,0,0,0,0,0,60,,1.0,Oklahoma,College Stats,MarsTo20
3,73,JAX,Eric Westmoreland,LB,24,2004,0,0,0,5,4,44,0,0,0,0,0,0,0,0,0,0,0,63,,2.0,Tennessee,College Stats,WestEr20
3,74,CAR,Steve Smith Sr.,WR,22,2016,2,5,14,102,92,219,0,1,0,0,0,57,387,2,1031,14731,81,,,,Utah,College Stats,SmitSt01
3,75,KAN,Eric Downing,DT,22,2004,0,0,1,7,7,45,0,0,0,0,0,0,0,0,0,0,0,36,,2.0,Syracuse,,DownEr20
3,76,BUF,Ron Edwards,DT,22,2012,0,0,6,37,10,139,0,0,0,0,0,0,0,0,0,0,0,146,,16.5,Texas A&M,,EdwaRo20
3,77,KAN,Snoop Minnis,WR,24,2002,0,0,1,5,5,15,0,0,0,0,0,0,0,0,34,515,1,,,,Florida St.,College Stats,MinnMa00
3,78,NYG,Will Peterson,DB,22,2010,0,0,3,23,16,97,0,0,0,0,0,0,0,0,0,0,0,75,8,,Western Illinois,,PeteWi20
3,79,NYJ,Kareem McKenzie,T,22,2011,0,0,10,62,24,161,0,0,0,0,0,0,0,0,0,0,0,,,,Penn St.,,McKeKa20
3,80,SFO,Kevan Barlow,RB,22,2006,0,0,2,36,33,84,0,0,0,0,0,1022,3984,30,144,1164,3,,,,Pittsburgh,College Stats,BarlKe00
3,81,NOR,Kenny Smith,DT,23,2009,0,0,1,7,7,36,0,0,0,0,0,0,0,0,0,0,0,58,,4.5,Alabama,,SmitKe23
3,82,SEA,Heath Evans,FB,22,2010,0,0,0,8,2,143,0,0,0,0,0,164,579,4,57,439,4,23,,,Auburn,College Stats,EvanHe00
3,83,STL,Brian Allen,LB,23,2004,0,0,0,8,0,47,0,0,0,0,0,0,0,0,0,0,0,74,1,1.0,Florida St.,College Stats,AlleBr21
3,84,TAM,Dwight Smith,DB,23,2008,0,0,5,34,18,117,0,0,0,0,0,0,0,0,0,0,0,405,22,2.0,Akron,College Stats,SmitDw20
3,85,MIA,Travis Minor,RB,22,2008,0,0,0,10,10,118,0,0,0,0,0,307,1230,8,67,474,1,48,,,Florida St.,College Stats,MinoTr00
3,86,NWE,Brock Williams,DB,22,2004,0,0,0,1,,12,0,0,0,0,0,0,0,0,0,0,0,10,,,Notre Dame,College Stats,WillBr26
3,87,DEN,Reggie Hayward,DE,22,2009,0,0,3,32,13,92,0,0,0,0,0,0,0,0,0,0,0,144,1,39.5,Iowa St.,,HaywRe20
3,88,MIA,Morlon Greenwood,LB,23,2008,0,0,8,39,21,125,0,0,0,0,0,0,0,0,0,0,0,471,2,7.0,Syracuse,,GreeMo20
3,89,OAK,DeLawrence Grant,DE,21,2005,0,0,2,12,12,49,0,0,0,0,0,0,0,0,0,0,0,45,,7.0,Oregon St.,College Stats,GranDe20
3,90,TEN,Shad Meier,TE,23,2005,0,0,0,3,3,53,0,0,0,0,0,0,0,0,42,334,3,2,,,Kansas St.,College Stats,MeieSh00
3,91,IND,Cory Bird,DB,23,2004,0,0,0,6,6,45,0,0,0,0,0,0,0,0,0,0,0,90,,0.5,Virginia Tech,College Stats,BirdCo20
3,92,BAL,Casey Rabach,C,23,2010,0,0,7,44,7,137,0,0,0,0,0,0,0,0,0,0,0,,,,Wisconsin,,RabaCa20
3,93,DAL,Willie Blade,DT,22,2004,0,0,1,8,7,20,0,0,0,0,0,0,0,0,0,0,0,17,,1.0,Mississippi St.,,BladWi20
3,94,JAX,James Boyd,DB,23,2002,0,0,0,2,2,26,0,0,0,0,0,0,0,0,0,0,0,11,,,Penn St.,College Stats,BoydJa20
3,95,BUF,Jonas Jennings,T,23,2008,0,0,5,29,21,75,0,0,0,0,0,0,0,0,0,0,0,,,,Georgia,,JennJo20
4,96,NWE,Kenyatta Jones,T,22,2004,0,0,1,7,6,21,0,0,0,0,0,0,0,0,0,0,0,,,,South Florida,,JoneKe22
4,97,CLE,Anthony Henry,DB,24,2009,0,0,5,38,19,132,0,0,0,0,0,0,0,0,0,0,0,429,31,2.0,South Florida,College Stats,HenrAn20
4,98,ARI,Bill Gramatica,K,23,2004,0,0,0,7,7,34,0,0,0,0,0,0,0,0,0,0,0,2,,,South Florida,College Stats,gramabil01
4,99,ATL,Roberto Garza,G,22,2014,0,0,11,61,11,206,0,0,0,0,0,0,0,0,0,0,0,,,,Texas A&M-Kingsville,,GarzRo20
4,100,CIN,Rudi Johnson,RB,21,2008,0,1,5,46,45,95,0,0,0,0,0,1517,5979,49,113,676,2,,,,Auburn,College Stats,JohnRu00
4,101,NYJ,Jamie Henderson,DB,22,2003,0,0,0,3,3,32,0,0,0,0,0,0,0,0,0,0,0,41,1,,Georgia,College Stats,HendJa20
4,102,ATL,Matt Stewart,LB,22,2006,0,0,4,26,19,93,0,0,0,0,0,0,0,0,0,0,0,243,1,8.0,Vanderbilt,College Stats,StewMa21
4,103,CHI,Karon Riley,LB,23,2004,0,0,0,1,0,25,0,0,0,0,0,0,0,0,0,0,0,13,,,Minnesota,College Stats,RileKa20
4,104,SEA,Orlando Huff,LB,23,2006,0,0,3,22,12,87,0,0,0,0,0,0,0,0,0,0,0,222,2,3.0,Fresno St.,College Stats,HuffOr20
4,105,GNB,Bill Ferrario,G,22,2002,0,0,0,1,1,16,0,0,0,0,0,0,0,0,0,0,0,,,,Wisconsin,,FerrBi20
4,106,CAR,Chris Weinke,QB,29,2007,0,0,1,9,9,29,386,709,3904,15,26,54,148,6,0,0,0,,,,Florida St.,College Stats,WeinCh00
4,107,KAN,Monty Beisel,LB,23,2009,0,0,0,13,5,119,0,0,0,0,0,0,0,0,0,0,0,200,2,4.5,Kansas St.,College Stats,BeisMo20
4,108,KAN,George Layne,RB,22,2004,0,0,0,0,,11,0,0,0,0,0,3,32,0,4,20,0,6,,,TCU,College Stats,LaynGe00
4,109,WAS,Sage Rosenfels,QB,23,2010,0,0,0,13,,44,351,562,4156,30,29,48,95,1,0,0,0,1,,,Iowa St.,College Stats,RoseSa00
4,110,BUF,Brandon Spoon,LB,23,2001,0,0,1,5,5,14,0,0,0,0,0,0,0,0,0,0,0,45,2,,North Carolina,,SpooBr20
4,111,PIT,Mathias Nkwenti,T,23,2003,0,0,0,0,0,2,0,0,0,0,0,0,0,0,0,0,0,,,,Temple,,NkweMa20
4,112,SDG,Carlos Polk,LB,24,2008,0,0,0,7,7,74,0,0,0,0,0,0,0,0,0,0,0,101,,4.0,Nebraska,College Stats,PolkCa20
4,113,DEN,Ben Hamilton,G,24,2010,0,0,7,54,52,118,0,0,0,0,0,0,0,0,0,0,0,1,,,Minnesota,College Stats,HamiBe20
4,114,NYG,Cedric Scott,DE,23,2002,0,0,0,1,1,13,0,0,0,0,0,0,0,0,0,0,0,4,,,Southern Miss,College Stats,ScotCe20
4,115,NOR,Moran Norris,FB,23,2011,0,0,4,1,0,140,0,0,0,0,0,28,67,1,38,198,3,19,,,Kansas,College Stats,NorrMo00
4,116,STL,Milton Wynn,WR,22,2002,0,0,0,1,,4,0,0,0,0,0,0,0,0,4,69,0,,,,Washington St.,College Stats,WynnMi00
4,117,TAM,John Howell,DB,23,2006,0,0,0,7,6,64,0,0,0,0,0,0,0,0,0,0,0,93,,,Colorado St.,College Stats,HoweJo21
4,118,IND,Ryan Diem,T,22,2011,0,0,10,72,72,157,0,0,0,0,0,0,0,0,0,0,0,3,,,Northern Illinois,,DiemRy20
4,119,NWE,Jabari Holloway,TE,22,2003,0,0,2,1,,26,0,0,0,0,0,0,0,0,15,157,0,,,,Notre Dame,College Stats,HollJa01
4,120,DEN,Nick Harris,P,23,2012,0,0,0,18,,183,0,1,0,0,0,2,-7,0,0,0,0,12,,,California,College Stats,HarrNi20
4,121,PHI,Correll Buckhalter,RB,22,2010,0,0,0,27,21,103,0,0,0,0,0,655,2944,21,144,1410,6,9,,,Nebraska,College Stats,BuckCo00
4,122,DAL,Markus Steele,LB,22,2003,0,0,1,8,8,42,0,0,0,0,0,0,0,0,0,0,0,73,,,USC,,SteeMa20
4,123,ARI,Marcus Bell,DT,22,2006,0,0,2,14,8,86,0,0,0,0,0,0,0,0,0,0,0,131,,6.5,Memphis,College Stats,BellMa20
4,124,TEN,Justin McCareins,WR,22,2008,0,0,5,33,16,114,0,0,0,0,0,8,42,0,240,3676,16,10,,,Northern Illinois,College Stats,McCaJu00
4,125,NYG,Jesse Palmer,QB,22,2003,0,0,0,1,1,8,63,120,562,3,4,5,20,0,0,0,0,,,,Florida,College Stats,PalmJe00
4,126,BAL,Ed Hartwell,LB,23,2006,0,0,3,28,24,77,0,0,0,0,0,0,0,0,0,0,0,280,1,7.0,Western Illinois,,HartEd20
4,127,SEA,Curtis Fuller,DB,23,2004,0,0,0,3,2,42,0,0,0,0,0,0,0,0,0,0,0,41,1,,TCU,College Stats,FullCu20
4,128,SEA,Floyd Womack,T,22,2010,0,0,5,30,22,120,0,0,0,0,0,0,0,0,0,0,0,1,,,Mississippi St.,,WomaFl20
4,129,STL,Brandon Manumaleuna,TE,21,2010,0,0,7,8,6,158,0,0,0,0,0,6,18,0,115,1008,13,1,,,Arizona,College Stats,ManuBr00
4,130,MIN,Shawn Worthen,DT,25,2001,0,0,0,0,0,4,0,0,0,0,0,0,0,0,0,0,0,3,,,TCU,,WortSh20
4,131,MIN,Cedric James,WR,22,2002,0,0,0,0,0,5,0,0,0,0,0,0,0,0,1,29,0,1,,,TCU,College Stats,JameCe00
5,132,SDG,Elliot Silvers,T,,,0,0,0,,,,,,,,,,,,,,,,,,Washington,,-9999
5,133,ARI,Mario Fatafehi,DT,22,2004,0,0,2,13,1,45,0,0,0,0,0,0,0,0,0,0,0,43,,5.0,Kansas St.,,FataMa20
5,134,CLE,Jeremiah Pharms,LB,,,0,0,0,,,,,,,,,,,,,,,,,,Washington,College Stats,-9999
5,135,CIN,Victor Leyva,G,23,2002,0,0,0,1,1,10,0,0,0,0,0,0,0,0,0,0,0,,,,Arizona St.,College Stats,LeyvVi20
5,136,ATL,Vinny Sutherland,WR,23,2002,0,0,0,0,,16,0,0,0,0,0,1,16,0,1,5,0,1,,,Purdue,College Stats,SuthVi00
5,137,DAL,Matt Lehr,C,22,2008,0,0,3,23,9,98,0,0,0,0,0,0,0,0,0,0,0,2,,,Virginia Tech,,LehrMa20
5,138,CHI,Bernard Robertson,T,22,2002,0,0,0,3,3,16,0,0,0,0,0,0,0,0,0,0,0,,,,Tulane,,RobeBe20
5,139,SDG,Zeke Moreno,LB,22,2005,0,0,1,10,10,61,0,0,0,0,0,0,0,0,0,0,0,139,1,3.0,USC,College Stats,MoreZe20
5,140,SEA,Alex Bannister,WR,22,2006,0,1,0,1,1,59,0,0,0,0,0,0,0,0,9,121,1,45,,,East. Kentucky,,BannAl00
5,141,KAN,Bill Baber,TE,22,2004,0,0,0,0,0,30,0,0,0,0,0,0,0,0,4,37,1,,,,Virginia,College Stats,BabeBi00
5,142,JAX,David Leaverton,P,,,0,0,0,,,,,,,,,,,,,,,,,,Tennessee,College Stats,-9999
5,143,CAR,Jarrod Cooper,DB,23,2007,0,0,1,7,2,87,0,0,0,0,0,0,0,0,0,0,0,114,,1.5,Kansas St.,,CoopJa20
5,144,BUF,Marques Sullivan,G,23,2003,0,0,1,11,11,32,0,0,0,0,0,0,0,0,0,0,0,,,,Illinois,,SullMa20
5,145,STL,Jerametrius Butler,DB,22,2007,0,0,2,17,16,70,0,0,0,0,0,0,0,0,0,0,0,186,9,,Kansas St.,College Stats,ButlJe20
5,146,PIT,Chukky Okobi,C,22,2007,0,0,0,7,7,78,0,0,0,0,0,0,0,0,0,0,0,,,,Purdue,College Stats,OkobCh20
5,147,PHI,Tony Stewart,TE,22,2009,0,0,1,5,0,115,0,0,0,0,0,0,0,0,76,623,3,43,,,Penn St.,College Stats,StewTo00
5,148,DET,Scotty Anderson,WR,21,2003,0,0,0,8,8,34,0,0,0,0,0,0,0,0,54,858,4,,,,Grambling St.,,AndeSc00
5,149,DET,Mike McMahon,QB,22,2005,0,0,0,6,5,29,229,515,2867,15,21,82,409,7,1,7,0,,,,Rutgers,College Stats,McMaMi00
5,150,KAN,Derrick Blaylock,RB,22,2006,0,0,0,11,10,51,0,0,0,0,0,198,820,10,53,520,2,19,,,S.F. Austin,,BlayDe00
5,151,TAM,Russ Hochstein,C,23,2012,0,0,1,27,0,149,0,0,0,0,0,0,0,0,0,0,0,1,,,Nebraska,,HochRu20
5,152,IND,Raymond Walls,DB,22,2005,0,0,0,4,0,41,0,0,0,0,0,0,0,0,0,0,0,40,1,,Southern Miss,College Stats,WallRa20
5,153,NOR,Onomo Ojo,WR,,,0,0,0,,,,,,,,,,,,,,,,,,UC Davis,,-9999
5,154,WAS,Darnerien McCants,WR,24,2005,0,0,0,7,6,41,0,0,0,0,0,1,9,0,58,774,8,4,,,Delaware St.,,McCaDa00
5,155,PHI,A.J. Feeley,QB,24,2011,0,0,1,7,6,28,425,762,4618,28,31,37,49,1,0,0,0,,,,Oregon,College Stats,FeelA.00
5,156,MIA,Shawn Draper,T,,,0,0,0,,,,,,,,,,,,,,,,,,Alabama,College Stats,-9999
5,157,MIN,Patrick Chukwurah,LB,22,2007,0,0,0,6,3,78,0,0,0,0,0,0,0,0,0,0,0,62,,9.0,Wyoming,College Stats,ChukPa20
5,158,OAK,Ray Perryman,DB,22,2004,0,0,0,0,,10,0,0,0,0,0,0,0,0,0,0,0,,,,Northern Arizona,,PerrRa21
5,159,TEN,Eddie Berlin,WR,23,2005,0,0,0,3,3,62,0,0,0,0,0,0,0,0,26,379,2,27,,,Northern Iowa,,BerlEd00
5,160,NYG,John Markham,K,,,0,0,0,,,,,,,,,,,,,,,,,,Vanderbilt,College Stats,-9999
5,161,BAL,Chris Barnes,RB,,,0,0,0,,,,,,,,,,,,,,,,,,New Mexico St.,College Stats,-9999
5,162,NYG,Jonathan Carter,WR,22,2004,0,0,0,4,0,25,0,0,0,0,0,0,0,0,14,266,2,,,,Troy,,CartJo01
5,163,NWE,Hakim Akbar,LB,21,2002,0,0,0,1,1,10,0,0,0,0,0,0,0,0,0,0,0,2,,,Washington,College Stats,AkbaHa20
6,164,MIA,Brandon Winey,T,23,2004,0,0,0,3,,24,0,0,0,0,0,0,0,0,0,0,0,,,,LSU,,WineBr20
6,165,CLE,Michael Jameson,DB,22,2004,0,0,0,4,4,42,0,0,0,0,0,0,0,0,0,0,0,36,1,1.0,Texas A&M,College Stats,JameMi20
6,166,ARI,Bobby Newcombe,WR,,,0,0,0,,,,,,,,,,,,,,,,,,Nebraska,College Stats,-9999
6,167,ATL,Randy Garner,DE,,,0,0,0,,,,,,,,,,,,,,,,,,Arkansas,,-9999
6,168,CIN,Riall Johnson,LB,23,2003,0,0,0,2,2,32,0,0,0,0,0,0,0,0,0,0,0,18,,,Stanford,,JohnRi20
6,169,SFO,Cedrick Wilson,WR,22,2007,0,0,2,22,11,100,2,2,27,0,0,7,53,0,178,2365,8,2,,,Tennessee,College Stats,WilsCe00
6,170,JAX,Chad Ward,G,,,0,0,0,,,,,,,,,,,,,,,,,,Washington,,-9999
6,171,DAL,Daleroy Stewart,DT,22,2004,0,0,0,3,2,26,0,0,0,0,0,0,0,0,0,0,0,19,,1.5,Southern Miss,,StewDa20
6,172,SEA,Josh Booty,QB,,,0,0,0,,,,,,,,,,,,,,,,,,LSU,College Stats,-9999
6,173,DET,Jason Glenn,LB,22,2006,0,0,0,6,,80,0,0,0,0,0,0,0,0,0,0,0,92,,,Texas A&M,College Stats,GlenJa20
6,174,TAM,Jameel Cook,FB,22,2008,0,0,2,4,2,109,0,0,0,0,0,14,43,0,84,510,3,35,,,Illinois,College Stats,CookJa00
6,175,CAR,Dee Brown,RB,23,2006,0,0,0,2,2,43,0,1,0,0,1,119,405,4,21,114,2,15,,,Syracuse,College Stats,BrowDe02
6,176,KAN,Alex Sulfsted,T,23,2004,0,0,0,2,,18,0,0,0,0,0,0,0,0,0,0,0,,,,Miami (OH),,SulfAl20
6,177,MIA,Josh Heupel,QB,,,0,0,0,,,,,,,,,,,,,,,,,,Oklahoma,College Stats,-9999
6,178,BUF,Tony Driver,DB,24,2002,0,0,0,0,0,11,0,0,0,0,0,0,0,0,0,0,0,4,,,Notre Dame,College Stats,DrivTo20
6,179,SFO,Rashad Holman,DB,23,2003,0,0,0,4,4,46,0,0,0,0,0,0,0,0,0,0,0,89,2,,Louisville,College Stats,HolmRa20
6,180,NWE,Arther Love,TE,,,0,0,0,,,,,,,,,,,,,,,,,,South Carolina St.,,-9999
6,181,PIT,Rodney Bailey,DE,21,2007,0,0,0,7,6,84,0,0,0,0,0,0,0,0,0,0,0,65,,9.5,Ohio St.,,BailRo21
6,182,PIT,Roger Knight,LB,22,2004,0,0,0,4,,48,0,0,0,0,0,0,0,0,0,0,0,53,,,Wisconsin,,KnigRo20
6,183,TAM,Ellis Wyms,DE,22,2008,0,0,1,13,11,95,0,0,0,0,0,0,0,0,0,0,0,106,,19.0,Mississippi St.,College Stats,WymsEl20
6,184,OAK,Chris Cooper,DT,24,2007,0,0,1,12,10,78,0,0,0,0,0,0,0,0,0,0,0,103,1,8.5,Nebraska-Omaha,,CoopCh20
6,185,NOR,Mitch White,T,,,0,0,0,,,,,,,,,,,,,,,,,,Oregon St.,,-9999
6,186,WAS,Mario Monds,DT,24,2004,0,0,0,1,,7,0,0,0,0,0,0,0,0,0,0,0,4,,,Cincinnati,,MondMa20
6,187,MIA,Otis Leverette,DE,23,2004,0,0,0,3,,17,0,0,0,0,0,0,0,0,0,0,0,25,1,2.0,Ala-Birmingham,,LeveOt20
6,188,MIA,Rick Crowell,LB,,,0,0,0,,,,,,,,,,,,,,,,,,Colorado St.,College Stats,-9999
6,189,MIN,Carey Scott,DB,23,2003,0,0,0,0,0,7,0,0,0,0,0,0,0,0,0,0,0,2,,,Kentucky St.,,ScotCa20
6,190,DEN,Kevin Kasper,WR,23,2006,0,0,0,2,1,39,0,0,0,0,0,7,34,0,24,287,3,10,,,Iowa,College Stats,KaspKe00
6,191,SFO,Menson Holloway,DE,,,0,0,0,,,,,,,,,,,,,,,,,,Texas-El Paso,,-9999
6,192,TEN,Dan Alexander,RB,23,2003,0,0,0,0,0,11,0,0,0,0,0,0,0,0,0,0,0,3,,,Nebraska,College Stats,AlexDa21
6,193,IND,Jason Doering,DB,23,2004,0,0,0,6,5,53,0,0,0,0,0,0,0,0,0,0,0,78,,,Wisconsin,College Stats,DoerJa20
6,194,BAL,Joe Maese,C,22,2005,0,0,0,7,7,65,0,0,0,0,0,0,0,0,0,0,0,5,,,New Mexico,,MaesJo20
6,195,BUF,Dan O'Leary,TE,24,2002,0,0,0,0,0,17,0,0,0,0,0,0,0,0,0,0,0,2,,,Notre Dame,College Stats,OLeaDa20
6,196,BUF,Jimmy Williams,DB,22,2006,0,0,0,9,,80,0,0,0,0,0,0,0,0,0,0,0,124,3,1.0,Vanderbilt,College Stats,WillJi22
6,197,STL,Francis St. Paul,WR,,,0,0,0,,,,,,,,,,,,,,,,,,Northern Arizona,,-9999
6,198,GNB,David Martin,TE,22,2011,0,0,4,12,6,120,0,0,0,0,0,0,0,0,159,1562,15,14,,,Tennessee,College Stats,MartDa00
6,199,TEN,Adam Haayer,T,24,2005,0,0,0,4,,20,0,0,0,0,0,0,0,0,0,0,0,,,,Minnesota,,HaayAd20
6,200,NWE,Leonard Myers,DB,22,2003,0,0,0,1,1,17,0,0,0,0,0,0,0,0,0,0,0,22,,,Miami (FL),College Stats,MyerLe20
7,201,SDG,Brandon Gorin,T,23,2009,0,0,2,15,,48,0,0,0,0,0,0,0,0,0,0,0,,,,Purdue,,GoriBr20
7,202,ARI,Renaldo Hill,DB,22,2010,0,0,8,36,13,141,0,0,0,0,0,0,0,0,0,0,0,497,19,6.5,Michigan St.,College Stats,HillRe20
7,203,CLE,Paul Zukauskas,G,22,2004,0,0,1,9,9,43,0,0,0,0,0,0,0,0,0,0,0,,,,Boston Col.,College Stats,ZukaPa20
7,204,CIN,T.J. Houshmandzadeh,WR,23,2011,0,1,6,56,48,146,0,0,0,0,0,23,142,1,627,7237,44,1,,,Oregon St.,College Stats,HousTJ00
7,205,TAM,Dauntae' Finger,TE,,,0,0,0,,,,,,,,,,,,,,,,,,North Carolina,College Stats,-9999
7,206,NYJ,James Reed,DT,24,2007,0,0,2,19,12,99,0,0,0,0,0,0,0,0,0,0,0,162,,7.0,Iowa St.,,ReedJa21
7,207,DAL,Colston Weatherington,DE,23,2002,0,0,0,0,0,3,0,0,0,0,0,0,0,0,0,0,0,1,,,Central Missouri St.,,WeatCo20
7,208,CHI,John Capel,WR,,,0,0,0,,,,,,,,,,,,,,,,,,Florida,,-9999
7,209,SFO,Alex Lincoln,LB,,,0,0,0,,,,,,,,,,,,,,,,,,Auburn,College Stats,-9999
7,210,SEA,Harold Blackmon,DB,23,2002,0,0,0,1,1,9,0,0,0,0,0,0,0,0,0,0,0,1,,,Northwestern,College Stats,BlacHa20
7,211,CAR,Louis Williams,C,22,2002,0,0,0,0,0,2,0,0,0,0,0,0,0,0,0,0,0,,,,LSU,,WillLo20
7,212,KAN,Shaunard Harts,DB,23,2004,0,0,1,8,8,51,0,0,0,0,0,0,0,0,0,0,0,146,2,2.0,Boise St.,College Stats,HartSh20
7,213,JAX,Anthony Denman,LB,21,2002,0,0,0,2,,27,0,0,0,0,0,0,0,0,0,0,0,19,,,Notre Dame,,DenmAn20
7,214,BUF,Reggie Germany,WR,23,2001,0,0,0,2,2,16,0,0,0,0,0,0,0,0,12,203,0,4,,,Ohio St.,College Stats,GermRe00
7,215,ATL,Corey Hall,DB,22,2001,0,0,0,0,0,3,0,0,0,0,0,0,0,0,0,0,0,,,,Appalachian St.,,HallCo20
7,216,NWE,Owen Pochman,K,24,2003,0,0,0,-2,,16,0,0,0,0,0,0,0,0,0,0,0,1,,,BYU,College Stats,pochmowe01
7,217,NYJ,Tupe Peko,G,22,2004,0,0,0,9,,27,0,0,0,0,0,0,0,0,0,0,0,,,,Michigan St.,,PekoTu20
7,218,PIT,Chris Taylor,WR,22,,0,0,0,,,,,,,,,,,,,,,,,,Texas A&M,College Stats,TaylCh04
7,219,ATL,Kynan Forney,G,22,2009,0,0,5,37,37,98,0,0,0,0,0,0,0,0,0,0,0,1,,,Hawaii,,FornKy20
7,220,IND,Rick DeMulling,G,24,2007,0,0,3,31,26,81,0,0,0,0,0,0,0,0,0,0,0,,,,Idaho,,DeMuRi20
7,221,NOR,Ennis Davis,DT,,,0,0,0,,,,,,,,,,,,,,,,,,USC,,-9999
7,222,SEA,Dennis Norman,C,21,2009,0,0,1,17,0,74,0,0,0,0,0,0,0,0,0,0,0,,,,Princeton,,NormDe20
7,223,TAM,Than Merrill,DB,23,2001,0,0,0,1,,15,0,0,0,0,0,0,0,0,0,0,0,7,,,Yale,,MerrTh20
7,224,SFO,Eric Johnson,TE,21,2007,0,0,5,19,17,71,0,0,0,0,0,0,0,0,240,2178,9,,,,Yale,,JohnEr00
7,225,MIN,Brian Crawford,T,,,0,0,0,,,,,,,,,,,,,,,,,,Western Oregon,,-9999
7,226,ATL,Ronald Flemons,DE,21,2004,0,0,0,0,0,6,0,0,0,0,0,0,0,0,0,0,0,1,,0.5,Texas A&M,,FlemRo20
7,227,CAR,Mike Roberg,TE,23,2002,0,0,0,0,,13,0,0,0,0,0,0,0,0,2,17,1,1,,,Idaho,College Stats,RobeMi00
7,228,OAK,Derek Combs,DB,22,2003,0,0,0,1,0,12,0,0,0,0,0,0,0,0,0,0,0,8,,,Ohio St.,College Stats,CombDe20
7,229,OAK,Ken-Yon Rambo,WR,22,2002,0,0,0,1,,29,0,0,0,0,0,0,0,0,17,239,0,2,,,Ohio St.,College Stats,RambKe00
7,230,NYG,Ross Kolodziej,DT,23,2007,0,0,1,12,1,54,0,0,0,0,0,0,0,0,0,0,0,45,,4.0,Wisconsin,College Stats,KoloRo20
7,231,BAL,Dwayne Missouri,DE,22,2001,0,0,0,0,,2,0,0,0,0,0,0,0,0,0,0,0,,,,Northwestern,College Stats,MissDw20
7,232,TEN,Keith Adams,LB,21,2007,0,0,1,14,,85,0,0,0,0,0,0,0,0,0,0,0,147,,,Clemson,College Stats,AdamKe20
7,233,JAX,Marlon McCree,DB,24,2008,0,0,7,35,13,114,0,0,0,0,0,0,0,0,0,0,0,349,16,3.0,Kentucky,College Stats,McCrMa20
7,234,TAM,Joe Tafoya,DE,23,2007,0,0,0,10,,76,0,0,0,0,0,0,0,0,0,0,0,83,,3.5,Arizona,,TafoJo20
7,235,JAX,Richmond Flowers III,WR,,,0,0,0,,,,,,,,,,,,,,,,,,Chattanooga,,-9999
7,236,ATL,Quentin McCord,WR,23,2003,0,0,0,5,5,25,0,0,0,0,0,4,13,0,23,427,1,4,,,Kentucky,College Stats,McCoQu00
7,237,SEA,Kris Kocurek,DT,22,2001,0,0,0,0,,1,0,0,0,0,0,0,0,0,0,0,0,,,,Texas Tech,,KocuKr20
7,238,BUF,Tyrone Robertson,DT,22,2001,0,0,0,1,1,12,0,0,0,0,0,0,0,0,0,0,0,19,,2.0,Georgia,,RobeTy20
7,239,NWE,T.J. Turner,LB,22,2001,0,0,0,0,0,2,0,0,0,0,0,0,0,0,0,0,0,1,,,Michigan St.,,TurnT.21
7,240,DAL,John Nix,DT,24,2004,0,0,0,2,2,31,0,0,0,0,0,0,0,0,0,0,0,17,,,Southern Miss,,NixxJo20
7,241,JAX,Randy Chevrier,DT,25,2001,0,0,0,0,,13,0,0,0,0,0,0,0,0,0,0,0,1,,,McGill,,ChevRa20
7,242,DAL,Char-ron Dorsey,T,23,2002,0,0,0,1,1,12,0,0,0,0,0,0,0,0,0,0,0,,,,Florida St.,,DorsCh20
7,243,KAN,Terdell Sands,DT,21,2009,0,0,1,11,,77,0,0,0,0,0,0,0,0,0,0,0,96,1,4.0,Chattanooga,,SandTe20
7,244,SDG,Robert Carswell,DB,22,2002,0,0,0,1,1,18,0,0,0,0,0,0,0,0,0,0,0,14,,,Clemson,College Stats,CarsRo20
7,245,CLE,Andre King,WR,27,2004,0,0,0,2,2,42,0,0,0,0,0,0,0,0,30,327,0,4,,,Miami (FL),College Stats,KingAn00
7,246,ARI,Tevita Ofahengaue,TE,,,0,0,0,,,,,,,,,,,,,,,,,,BYU,College Stats,-9999